habbie0@nifty.com,1
bstallon1@tinypic.com,2
abattell2@hexun.com,3
smattheeuw3@example.com,4
jwitcombe4@mozilla.org,5
dhandscomb5@newyorker.com,6
elockhart6@ebay.com,7
sfergusson7@princeton.edu,8
vtregear8@newsvine.com,9
zgilpin9@vk.com,10
lbricketa@ebay.com,11
dklimmekb@discuz.net,12
cbuckiec@jiathis.com,13
eslaughterd@rambler.ru,14
kkanzlere@ebay.com,15
tlumoxf@reverbnation.com,16
hcrumg@tumblr.com,17
baucoateh@phpbb.com,18
ldiglini@abc.net.au,19
cbaddowj@census.gov,20
nmatusiakk@e-recht24.de,21
mstollmanl@meetup.com,22
warmatagem@tinyurl.com,23
pilettn@devhub.com,24
cellero@ft.com,25
pcurcherp@wsj.com,26
lswannickq@nytimes.com,27
abunclarkr@t-online.de,28
fweeks@mail.ru,29
cherculsont@bloglines.com,30
agresu@shareasale.com,31
csettlev@usa.gov,32
lstickensw@hexun.com,33
macremanx@usnews.com,34
bargabritey@linkedin.com,35
dgauchez@dot.gov,36
jsurgenor10@e-recht24.de,37
bscawen11@theglobeandmail.com,38
jchetwin12@mlb.com,39
ladamek13@loc.gov,40
aspoor14@washington.edu,41
dferrero15@istockphoto.com,42
cainley16@ft.com,43
satkins17@phoca.cz,44
bpetett18@istockphoto.com,45
eoliverpaull19@umich.edu,46
acockran1a@youtube.com,47
dworrill1b@purevolume.com,48
rikin1c@un.org,49
hhaggas1d@stumbleupon.com,50
rarchbutt1e@dagondesign.com,51
sdouberday1f@meetup.com,52
mgrimestone1g@apple.com,53
pbytheway1h@discuz.net,54
sangless1i@google.it,55
bmannagh1j@mozilla.org,56
bkineton1k@un.org,57
splews1l@dailymotion.com,58
codger1m@linkedin.com,59
igarvill1n@eepurl.com,60
tanger1o@nsw.gov.au,61
szoanetti1p@dropbox.com,62
csell1q@japanpost.jp,63
fmcgirr1r@mapy.cz,64
kpilsworth1s@123-reg.co.uk,65
hbakesef1t@craigslist.org,66
rvasenkov1u@bluehost.com,67
ssmewing1v@marketwatch.com,68
tbessant1w@cbslocal.com,69
sglencross1x@wordpress.org,70
npointon1y@webs.com,71
gtunstall1z@whitehouse.gov,72
tcrockatt20@scientificamerican.com,73
swalklot21@google.ru,74
okollasch22@blog.com,75
spinnion23@princeton.edu,76
tchue24@microsoft.com,77
mdurdle25@blinklist.com,78
arohlf26@wisc.edu,79
wmacgray27@rakuten.co.jp,80
mcoomes28@de.vu,81
aallmen29@youtu.be,82
ygarlette2a@furl.net,83
spiscotti2b@meetup.com,84
erainon2c@nydailynews.com,85
lcrossthwaite2d@arizona.edu,86
thenricsson2e@weebly.com,87
vdallander2f@webeden.co.uk,88
ipinner2g@redcross.org,89
rwalicki2h@merriam-webster.com,90
blemm2i@1und1.de,91
diowarch2j@amazon.co.uk,92
tatty2k@patch.com,93
cappleyard2l@blog.com,94
bbatcock2m@squarespace.com,95
sbayns2n@simplemachines.org,96
kelman2o@blogtalkradio.com,97
kgranville2p@mac.com,98
jlashbrook2q@vimeo.com,99
pferreira2r@lulu.com,100
