Ethelyn,Germaine
Dulsea,Harmstone
Angelico,Erratt
Claudetta,Quemby
Ilsa,Sidey
Kristoffer,Bellany
Kitty,Prestidge
Belinda,MacDiarmid
Andreas,Dyett
Mariska,Oddboy
Ilyssa,Raiman
Oswell,Francklin
Zacherie,Pender
Karolina,Cockroft
Thomasa,Cownden
Larry,Margetts
Domenico,Basler
Hugues,Biset
Alphard,Purdie
Gwyn,Cole
Tildie,Slack
Dacey,Beckett
Zarah,Lightbowne
Lilllie,Puller
Rois,Andre
Selle,Tretwell
Sherill,McGrotty
Benton,Stonehewer
Gilly,Fassman
Constantia,Andrejs
Eli,Nagle
Gunar,Donoghue
Barry,Matlock
Doreen,Petraitis
Christa,Selby
Shell,Howcroft
Jobi,Fergusson
Kynthia,McLenahan
Rab,Burston
Avie,Gravett
Una,Mabbott
Constanta,Cabera
Mose,Archbold
Wendi,Got
Gard,Vlach
Sybila,Dalyiel
Maison,Ech
Cleo,Vobes
Clement,Whickman
Keeley,Boagey
Deny,Bartosch
Justina,Datte
Winn,Kee
Buddy,Spino
Antonino,Leahy
Izak,Winchurst
Rubie,McDill
Galvan,Lindl
Correy,Lilywhite
Aggie,Flott
Tiebout,Patek
Avie,Ducarne
Donalt,Gallemore
Romain,Betty
Richard,Fihelly
Cookie,Crowson
Kirbie,Grimestone
Britteny,Chapiro
Karrie,Bottleson
Monti,Beagley
Jedediah,Arnald
Aline,Hinkensen
Susanne,Cuseick
Smith,Neeves
Aloisia,Derx
Lizzie,Gotter
Lilla,Note
Lilas,Codeman
Noel,Pinkett
Ruby,Castagne
Rubi,Carlucci
Eldin,Braun
Wesley,Edlyn
Zeb,Tomasutti
Cal,Strood
Jamima,Markova
Clerc,Northcliffe
Zachariah,Franciskiewicz
Obadiah,Ciccarello
Carolee,Walisiak
Winny,Stearndale
Willette,Ibanez
Philippine,Gatecliff
Felice,Oakman
Aila,Haye
Zachary,Hatherley
Gustavus,Patience
Forester,Hallick
Alia,Eastabrook
Granthem,Veck
